{
  "displayMonth": "December 2025",
  "months": [
    "1/24",
    "2/24",
    "3/24",
    "4/24",
    "5/24",
    "6/24",
    "7/24",
    "8/24",
    "9/24",
    "10/24",
    "11/24",
    "12/24",
    "1/25",
    "2/25",
    "3/25",
    "4/25",
    "5/25",
    "6/25",
    "7/25",
    "8/25",
    "9/25",
    "10/25",
    "11/25",
    "12/25"
  ],
  "profitShare": [
    1947.71,
    1389.21,
    1333.54,
    1538.42,
    1415.81,
    1127.42,
    1727.46,
    1406.86,
    1311.8,
    1718.54,
    1416.93,
    1014.07,
    1800.27,
    1421.46,
    978.86,
    1349.76,
    1959.69,
    1743.37,
    2271.01,
    1771.6,
    1953.61,
    2140.22,
    1936.34,
    2159.14
  ],
  "trainingPlans": [
    603316.3,
    549764.88,
    476314.43,
    496968.1,
    505428.14,
    453456.55,
    454364.13,
    515066.65,
    443388.27,
    463974.8,
    439808.1,
    409414.67,
    564937.3,
    453544.95,
    432365.8,
    392228.75,
    607647.6900000001,
    478504.75,
    498827.75,
    454419.45,
    530554.85,
    531079.25,
    520697.1,
    611902.91
  ],
  "renewals": [
    243259,
    248690,
    257224,
    260078,
    263795,
    271996,
    279182,
    282337,
    288559,
    293762,
    297554,
    301434,
    306973,
    311058,
    315601,
    321757,
    325820,
    333758,
    342383,
    345206,
    349758,
    361979,
    369094,
    380702.04
  ],
  "subscribers": [
    8681,
    8876,
    9026,
    9109,
    9265,
    9300,
    9312,
    9377,
    9366,
    9437,
    9483,
    9547,
    9689,
    9693,
    9735,
    9678,
    9809,
    9880,
    9905,
    9855,
    9894,
    9932,
    10001,
    10114
  ],
  "newVisitors": [
    32527,
    33146,
    31054,
    30188,
    29078,
    25328,
    26932,
    28433,
    26877,
    28594,
    25575,
    23357,
    30338,
    27482,
    28916,
    28067,
    29109,
    26320,
    30575,
    31566,
    32477,
    34927,
    31145,
    37856
  ],
  "paidVisitors": [
    12042,
    12096,
    10554,
    10694,
    11643,
    9885,
    11138,
    12104,
    10911,
    9774,
    7534,
    8017,
    8592,
    9621,
    12127,
    12045,
    13985,
    12767,
    17421,
    16716,
    18623,
    20770,
    22200,
    25416
  ],
  "cpc": [
    6.272971267231356,
    6.138191964285715,
    5.947536479060072,
    6.268961099682065,
    6.456018208365541,
    7.9347941325240265,
    6.946711258753816,
    6.479909947124917,
    5.924996792228026,
    4.655317167996726,
    4.048157685160605,
    4.019482350006236,
    3.550662243947859,
    6.269070782662925,
    6.436220004947637,
    6.118344541303446,
    4.601831962817305,
    2.576459622464165,
    2.413740887434705,
    2.124115817181144,
    2.5030349567738814,
    2.584605681271064,
    2.748829279279279,
    2.7398670129052567
  ],
  "refundPct": [
    0.02964101362276929,
    0.027032109816900362,
    0.025504212505948736,
    0.0268496198580245,
    0.023160587706708875,
    0.02019037633819055,
    0.030498490940167593,
    0.021687861599329273,
    0.028402524132646878,
    0.019589400963500782,
    0.02599745769412342,
    0.028002908129517917,
    0.026297429907640727,
    0.028273498029271274,
    0.030100266482416062,
    0.031983831610084654,
    0.02745783306115287,
    0.023192002834058315,
    0.028387654342267976,
    0.020707194849788738,
    0.0317955145150954,
    0.027476371222145923,
    0.023671848369802757,
    0.03362264111215645
  ],
  "intuitSales": [
    204832,
    84298,
    82298,
    128784,
    83048,
    75298,
    178284,
    86553,
    94803,
    157247,
    85803,
    93803,
    126247,
    119803,
    85303,
    142497,
    104803,
    140803,
    324247,
    147724,
    168674,
    254895,
    181974,
    242024
  ],
  "refundDollars": [
    23562.3,
    19687.02,
    15173.25,
    16307.7,
    14606.25,
    13687.81,
    17587.75,
    14061.58,
    16582.3,
    13183.45,
    17947.95,
    17612.94,
    20666,
    17985,
    18357,
    18718,
    21883,
    16058,
    19902,
    13479,
    24062,
    21790,
    17176,
    26886
  ],
  "chargebackDollars": [
    1531.05,
    1896.9,
    3535.07,
    4018.7,
    3209.41,
    959.35,
    4784.3,
    3232.4,
    4206.85,
    1660.16,
    1221.59,
    2292.89,
    2263,
    3633,
    4157,
    4118,
    3748,
    2780,
    3978,
    3079,
    3928,
    2748,
    3887,
    6488
  ],
  "learnerUnits": [
    0,
    0,
    0,
    0,
    0,
    0,
    0,
    0,
    0,
    0,
    0,
    0,
    958,
    752,
    686,
    584,
    149,
    137,
    140,
    122,
    152,
    126,
    132,
    193
  ],
  "certUnits": [
    0,
    0,
    0,
    0,
    0,
    0,
    0,
    0,
    0,
    0,
    0,
    0,
    0,
    0,
    0,
    0,
    442,
    375,
    431,
    394,
    455,
    458,
    439,
    508
  ],
  "teamUnits": [
    0,
    0,
    0,
    0,
    0,
    0,
    0,
    0,
    0,
    0,
    0,
    0,
    0,
    0,
    0,
    0,
    98,
    117,
    99,
    91,
    98,
    127,
    111,
    126
  ],
  "cancels": [
    0,
    0,
    0,
    0,
    0,
    0,
    0,
    0,
    0,
    0,
    0,
    0,
    0,
    0,
    0,
    641,
    558,
    558,
    645,
    657,
    666,
    673,
    613,
    714
  ],
  "comments": {
    "profit_share": "December significantly outperformed last year, which is especially meaningful because December has historically been our slowest month. This wasn't a lucky month. It reflects the cumulative impact of how we operate.\n\nWhen asked what drove these results, the answer is simple but not superficial: the team. Not a single initiative, tactic, or shortcut, but our consistent focus on the customer and delivering a high-quality experience in everything we do. That discipline compounds, and December is a clear example of it paying off.",
    "customer_revenue": "The top graph shows sales over the past 24 months. We continue to grow our subscriber base, and the steady upward trend reflects that momentum.\n\nWhat drove the exceptional results is the strength of the Training Plans themselves. Last year\u2019s numbers included 2-day class sales, which were a more transactional, lower-commitment purchase. Even without that advantage, Training Plans significantly outperformed expectations; a strong signal that customers clearly see and value what we sell.",
    "subscribers": "The subscriber base continues to grow. A natural question is whether the base should be growing faster, given the increase in sales. The answer is shown in the table.\n\nSubscriber attrition is a normal part of our model. Our goal is for customers to become proficient enough in QuickBooks that they no longer need us. So, when someone cancels their Live Help, it's often a success, not a failure. And, other factors outside our control also contribute, such as customers changing accounting systems or business needs.\n\nWhat matters most is how well we manage that attrition. This is measured by our churn rate, and at 6.68%, it clearly falls in the excellent range.",
    "traffic": "The top graph shows the relationship between New Visitors and Paid Visitors. As we\u2019ve discussed, Google continues to push organic results further down the search results page, which increases the importance of paid ads.\n\nThe key is not whether we use paid traffic, but how efficiently we use it. Over the past year, we\u2019ve worked deliberately to reduce our cost per click (CPC), and those efforts paid off.\n\nThe result is that we\u2019re now able to acquire more highly qualified traffic for the same overall spend. That's a win.",